Èíslo jednací ;Datum a èas ;Typ události ;Typ podrobnì ;Zpùsob øešení ;Pokuta ;Ulice 
2024/89260 ;18.12.2024 12:41;PØ ;Zákon è. 13/1997 Sb., o pozemních komunikacích - § 42a (fyzická osoba) - odst. 1 písm. i) na dálnici, silnici, komunikaci provádí zakázanou èinnost ; Provedena lustrace vozidla, Pøedáno - Mìsto / Obec - SVSMP, Pøedáno - Mìsto / Obec - ÚMO ;0;Plzeò, Plaská 9 
2024/88701 ;14.12.2024 19:35;PØ ;Zákon è. 13/1997 Sb., o pozemních komunikacích - § 42a (fyzická osoba) - odst. 1 písm. i) na dálnici, silnici, komunikaci provádí zakázanou èinnost ; Pøedáno - Mìsto / Obec - ÚMO, Pøedáno - Mìsto / Obec - SVSMP, Provedena lustrace vozidla ;0;Plzeò, Lidická 35 
2024/88633 ;14.12.2024 19:35;PØ ;Zákon è. 13/1997 Sb., o pozemních komunikacích - § 42a (fyzická osoba) - odst. 1 písm. i) na dálnici, silnici, komunikaci provádí zakázanou èinnost ; Provedena lustrace vozidla, Pøedáno - Mìsto / Obec - MMP, Pøedáno - Mìsto / Obec - ÚMO ;0;Plzeò, Lidická 35 
2024/88325 ;14.12.2024 14:27;PØ ;Zákon è. 13/1997 Sb., o pozemních komunikacích - § 42a (fyzická osoba) - odst. 1 písm. i) na dálnici, silnici, komunikaci provádí zakázanou èinnost ; Pøedáno - Mìsto / Obec - ÚMO, Provedena lustrace vozidla ;0;Plzeò, Strážnická 38 
2024/87214 ;10.12.2024 6:40;PØ ;Zákon è. 13/1997 Sb., o pozemních komunikacích - § 42a (fyzická osoba) - odst. 1 písm. i) na dálnici, silnici, komunikaci provádí zakázanou èinnost ; Provedena lustrace vozidla, Pøedáno - Mìsto / Obec - SVSMP, Pøedáno - Mìsto / Obec - ÚMO ;0;Plzeò, Josefa Lady 5 
2024/87064 ;09.12.2024 14:26;PØ ;Zákon è. 13/1997 Sb., o pozemních komunikacích - § 42a (fyzická osoba) - odst. 1 písm. i) na dálnici, silnici, komunikaci provádí zakázanou èinnost ; Provedena lustrace vozidla, Pøedáno - Mìsto / Obec - ÚMO ;0;Plzeò, Lesní 2 
2024/85090 ;01.12.2024 11:08;PØ ;Zákon è. 13/1997 Sb., o pozemních komunikacích - § 42a (fyzická osoba) - odst. 1 písm. i) na dálnici, silnici, komunikaci provádí zakázanou èinnost ; Provedena lustrace vozidla, Pøedáno - Mìsto / Obec - ÚMO, Pøedáno - Mìsto / Obec - SVSMP ;0;Plzeò, U Velkého rybníka 113 
2024/83838 ;26.11.2024 6:50;PØ ;Zákon è. 13/1997 Sb., o pozemních komunikacích - § 42a (fyzická osoba) - odst. 1 písm. i) na dálnici, silnici, komunikaci provádí zakázanou èinnost ; Provedena lustrace vozidla, Pøedáno - Mìsto / Obec - ÚMO ;0;Plzeò, Hrádecká 5 
2024/82158 ;20.11.2024 8:25;PØ ;Zákon è. 13/1997 Sb., o pozemních komunikacích - § 42a (fyzická osoba) - odst. 1 písm. i) na dálnici, silnici, komunikaci provádí zakázanou èinnost ; Provedena lustrace vozidla, Pøedáno - Mìsto / Obec - MMP ;0;Plzeò, Hruškova 24 
2024/81486 ;18.11.2024 4:09;PØ ;Zákon è. 13/1997 Sb., o pozemních komunikacích - § 42a (fyzická osoba) - odst. 1 písm. i) na dálnici, silnici, komunikaci provádí zakázanou èinnost ; Pøedáno - Mìsto / Obec - SVSMP, Pøedáno - Mìsto / Obec - ÚMO, Provedena lustrace vozidla ;0;Plzeò, Sokolovská 50 
2024/81013 ;16.11.2024 14:34;PØ ;Zákon è. 13/1997 Sb., o pozemních komunikacích - § 42a (fyzická osoba) - odst. 1 písm. i) na dálnici, silnici, komunikaci provádí zakázanou èinnost ; Pøedáno - Mìsto / Obec - ÚMO, Provedena lustrace vozidla ;0;Plzeò, Pod Vrchem 22 
2024/79623 ;11.11.2024 12:54;PØ ;Zákon è. 13/1997 Sb., o pozemních komunikacích - § 42a (fyzická osoba) - odst. 1 písm. i) na dálnici, silnici, komunikaci provádí zakázanou èinnost ; Pøedáno - Mìsto / Obec - MMP ;0;Plzeò, námìstí Míru 15 
2024/79504 ;11.11.2024 12:35;PØ ;Zákon è. 13/1997 Sb., o pozemních komunikacích - § 42a (fyzická osoba) - odst. 1 písm. i) na dálnici, silnici, komunikaci provádí zakázanou èinnost ; Provedena lustrace vozidla, Pøedáno - Mìsto / Obec - ÚMO ;0;Plzeò, Zemìdìlské námìstí 5 
2024/78549 ;08.11.2024 6:55;PØ ;Zákon è. 13/1997 Sb., o pozemních komunikacích - § 42a (fyzická osoba) - odst. 1 písm. i) na dálnici, silnici, komunikaci provádí zakázanou èinnost ; Vyøízeno ;0;Plzeò, Plovární 24 
2024/77478 ;04.11.2024 13:19;PØ ;Zákon è. 13/1997 Sb., o pozemních komunikacích - § 42a (fyzická osoba) - odst. 1 písm. i) na dálnici, silnici, komunikaci provádí zakázanou èinnost ; Pøedáno - Mìsto / Obec - ÚMO, Provedena lustrace vozidla ;0;Plzeò, U Panského dvora 1 
2024/76929 ;02.11.2024 11:27;PØ ;Zákon è. 13/1997 Sb., o pozemních komunikacích - § 42a (fyzická osoba) - odst. 1 písm. g) zneèistí nebo poškodí dálnici, silnici, komunikaci, souèást komunikace ; Pøedáno - Mìsto / Obec - MMP, Osoby pouèeny, Vyøízeno ;0;Plzeò, Brojova 21 
2024/76651 ;29.11.2024 10:27;PØ ;Zákon è. 13/1997 Sb., o pozemních komunikacích - § 42a (fyzická osoba) - odst. 1 písm. i) na dálnici, silnici, komunikaci provádí zakázanou èinnost ; Provedena lustrace vozidla, Pøedáno - Mìsto / Obec - ÚMO ;0;Plzeò, Èervenohrádecká 50a 
2024/76082 ;30.10.2024 14:30;PØ ;Zákon è. 13/1997 Sb., o pozemních komunikacích - § 42a (fyzická osoba) - odst. 1 písm. i) na dálnici, silnici, komunikaci provádí zakázanou èinnost ; Pøedáno - Mìsto / Obec ;0;Plzeò, U Ježíška 
2024/75771 ;29.10.2024 13:54;PØ ;Zákon è. 13/1997 Sb., o pozemních komunikacích - § 42a (fyzická osoba) - odst. 1 písm. i) na dálnici, silnici, komunikaci provádí zakázanou èinnost ; Provedena lustrace vozidla, Pøedáno - Mìsto / Obec ;0;Plzeò, Elišky Krásnohorské 3 
2024/74555 ;25.10.2024 13:02;PØ ;Zákon è. 13/1997 Sb., o pozemních komunikacích ; Provedena lustrace vozidla, Pøedáno - Mìsto / Obec - ÚMO ;0;Plzeò, Habrmannova 50 
2024/74327 ;24.10.2024 14:53;PØ ;Zákon è. 13/1997 Sb., o pozemních komunikacích - § 42a (fyzická osoba) - odst. 1 písm. i) na dálnici, silnici, komunikaci provádí zakázanou èinnost ; Provedena lustrace vozidla, Pøedáno - Mìsto / Obec - ÚMO ;0;Plzeò, Pod Vrchem 73 
2024/74251 ;24.10.2024 11:21;PØ ;Zákon è. 13/1997 Sb., o pozemních komunikacích - § 42a (fyzická osoba) - odst. 1 písm. i) na dálnici, silnici, komunikaci provádí zakázanou èinnost ; Provedena lustrace vozidla, Pøedáno - Mìsto / Obec - ÚMO ;0;Plzeò, Veèerní 3 
2024/74246 ;24.10.2024 11:04;PØ ;Zákon è. 13/1997 Sb., o pozemních komunikacích - § 42a (fyzická osoba) - odst. 1 písm. i) na dálnici, silnici, komunikaci provádí zakázanou èinnost ; Provedena lustrace vozidla, Pøedáno - Mìsto / Obec - ÚMO ;0;Plzeò, Na trávníku 15 
2024/73991 ;23.10.2024 8:52;PØ ;Zákon è. 13/1997 Sb., o pozemních komunikacích - § 42a (fyzická osoba) - odst. 1 písm. i) na dálnici, silnici, komunikaci provádí zakázanou èinnost ; Provedena lustrace vozidla, Pøedáno - Mìsto / Obec - ÚMO, Pøedáno - Mìsto / Obec - SVSMP ;0;Plzeò, Tomanova 20 
2024/72988 ;19.10.2024 20:00;PØ ;Zákon è. 13/1997 Sb., o pozemních komunikacích - § 42a (fyzická osoba) - odst. 1 písm. i) na dálnici, silnici, komunikaci provádí zakázanou èinnost ; Provedena lustrace vozidla, Pøedáno - Mìsto / Obec - ÚMO, Pøedáno - Mìsto / Obec - SVSMP ;0;Plzeò, Sedlecká 17 
2024/72058 ;16.10.2024 9:10;PØ ;Zákon è. 13/1997 Sb., o pozemních komunikacích - § 42a (fyzická osoba) - odst. 1 písm. i) na dálnici, silnici, komunikaci provádí zakázanou èinnost ; Provedena lustrace vozidla, Pøedáno - Mìsto / Obec - ÚMO, Pøedáno - Mìsto / Obec - SVSMP ;0;Plzeò, Borská 89 
2024/72055 ;16.10.2024 9:12;PØ ;Zákon è. 13/1997 Sb., o pozemních komunikacích - § 42a (fyzická osoba) - odst. 1 písm. i) na dálnici, silnici, komunikaci provádí zakázanou èinnost ; Provedena lustrace vozidla, Vyøízeno ;0;Plzeò, Borská 89 
2024/70668 ;11.10.2024 9:14;PØ ;Zákon è. 13/1997 Sb., o pozemních komunikacích - § 42a (fyzická osoba) - odst. 1 písm. i) na dálnici, silnici, komunikaci provádí zakázanou èinnost ; Pøedáno - Mìsto / Obec - ÚMO, Pøedáno - Mìsto / Obec - SVSMP, Provedena lustrace vozidla ;0;Plzeò, Mánesova 91a 
2024/70591 ;11.10.2024 9:31;PØ ;Zákon è. 13/1997 Sb., o pozemních komunikacích - § 42a (fyzická osoba) - odst. 1 písm. i) na dálnici, silnici, komunikaci provádí zakázanou èinnost ; Vyøízeno, Provedena lustrace vozidla ;0;Plzeò, Karla Vokáèe 11 
2024/69891 ;08.10.2024 16:20;PØ ;Zákon è. 13/1997 Sb., o pozemních komunikacích - § 42a (fyzická osoba) - odst. 1 písm. i) na dálnici, silnici, komunikaci provádí zakázanou èinnost ; Provedena lustrace vozidla, Pøedáno - Mìsto / Obec - ÚMO, Pøedáno - Mìsto / Obec - SVSMP, Vyøízeno ;0;Plzeò, Inženýrská 4 
2024/69672 ;08.10.2024 3:09;PØ ;Zákon è. 13/1997 Sb., o pozemních komunikacích - § 42a (fyzická osoba) - odst. 1 písm. i) na dálnici, silnici, komunikaci provádí zakázanou èinnost ; Pøedáno - Mìsto / Obec - ÚMO, Pøedáno - Mìsto / Obec - SVSMP ;0;Plzeò, Dobøanská 28 
2024/68710 ;04.10.2024 8:03;PØ ;Zákon è. 13/1997 Sb., o pozemních komunikacích - § 42a (fyzická osoba) - odst. 1 písm. i) na dálnici, silnici, komunikaci provádí zakázanou èinnost ; Pøedáno - Mìsto / Obec - ÚMO, Provedena lustrace vozidla ;0;Plzeò, V Malé Doubravce 24 
2024/67867 ;01.10.2024 15:47;PØ ;Zákon è. 13/1997 Sb., o pozemních komunikacích - § 42a (fyzická osoba) - odst. 1 písm. i) na dálnici, silnici, komunikaci provádí zakázanou èinnost ; Pøedáno - Mìsto / Obec - ÚMO, Provedena lustrace vozidla ;0;Plzeò, Kotkova 19 
2024/67776 ;30.09.2024 9:35;PØ ;Zákon è. 13/1997 Sb., o pozemních komunikacích - § 42a (fyzická osoba) - odst. 1 písm. i) na dálnici, silnici, komunikaci provádí zakázanou èinnost ; Provedena lustrace vozidla, Pøedáno - Mìsto / Obec - ÚMO ;0;Plzeò, Francouzská tøída 32 
2024/67482 ;30.09.2024 11:02;PØ ;Zákon è. 13/1997 Sb., o pozemních komunikacích - § 42a (fyzická osoba) - odst. 1 písm. i) na dálnici, silnici, komunikaci provádí zakázanou èinnost ; Pøedáno - Mìsto / Obec - ÚMO ;0;Plzeò, Kaznìjovská 33 
2024/67249 ;29.09.2024 14:41;PØ ;Zákon è. 13/1997 Sb., o pozemních komunikacích - § 42a (fyzická osoba) - odst. 1 písm. i) na dálnici, silnici, komunikaci provádí zakázanou èinnost ; Provedena lustrace vozidla, Pøedáno - Mìsto / Obec - ÚMO ;0;Plzeò, Veleslavínova 32 
2024/65400 ;22.09.2024 7:30;PØ ;Zákon è. 13/1997 Sb., o pozemních komunikacích - § 42a (fyzická osoba) - odst. 1 písm. i) na dálnici, silnici, komunikaci provádí zakázanou èinnost ; Pøedáno - Mìsto / Obec - ÚMO ;0;Plzeò, Dolní 
2024/65248 ;21.09.2024 10:11;PØ ;Zákon è. 13/1997 Sb., o pozemních komunikacích - § 42a (fyzická osoba) - odst. 1 písm. i) na dálnici, silnici, komunikaci provádí zakázanou èinnost ; Pøedáno - Mìsto / Obec - ÚMO ;0;Plzeò, Kralovická 57 
2024/64704 ;19.09.2024 6:50;PØ ;Zákon è. 13/1997 Sb., o pozemních komunikacích - § 42a (fyzická osoba) - odst. 1 písm. g) zneèistí nebo poškodí dálnici, silnici, komunikaci, souèást komunikace ; Pøedáno - Mìsto / Obec - ÚMO, Provedena lustrace vozidla ;0;Plzeò, Šumavská 
2024/63320 ;13.09.2024 10:11;PØ ;Zákon è. 13/1997 Sb., o pozemních komunikacích - § 42a (fyzická osoba) - odst. 1 písm. i) na dálnici, silnici, komunikaci provádí zakázanou èinnost ; Provedena lustrace vozidla, Vyøízeno ;0;Plzeò, Lukavická 6 
2024/62942 ;11.09.2024 13:46;PØ ;Zákon è. 13/1997 Sb., o pozemních komunikacích - § 42a (fyzická osoba) - odst. 1 písm. i) na dálnici, silnici, komunikaci provádí zakázanou èinnost ; Vyøízeno, Osoby pouèeny ;0;Plzeò, K Ráji 
2024/62822 ;10.09.2024 11:17;PØ ;Zákon è. 13/1997 Sb., o pozemních komunikacích - § 42a (fyzická osoba) - odst. 1 písm. g) zneèistí nebo poškodí dálnici, silnici, komunikaci, souèást komunikace ; Pøedáno - Mìsto / Obec - ÚMO, Provedena lustrace vozidla ;0;Plzeò, Na Františkovì 44 
2024/62818 ;10.09.2024 9:19;PØ ;Zákon è. 13/1997 Sb., o pozemních komunikacích - § 42a (fyzická osoba) - odst. 1 písm. i) na dálnici, silnici, komunikaci provádí zakázanou èinnost ; Pøedáno - Mìsto / Obec - ÚMO, Provedena lustrace vozidla ;0;Plzeò, U Panského dvora 1 
2024/62797 ;10.09.2024 9:44;PØ ;Zákon è. 13/1997 Sb., o pozemních komunikacích - § 42a (fyzická osoba) - odst. 1 písm. i) na dálnici, silnici, komunikaci provádí zakázanou èinnost ; Pøedáno - Mìsto / Obec - ÚMO, Pøedáno - Mìsto / Obec - SVSMP ;0;Plzeò, U Borského parku 22a 
2024/61675 ;06.09.2024 23:26;PØ ;Zákon è. 13/1997 Sb., o pozemních komunikacích - § 42a (fyzická osoba) - odst. 1 písm. i) na dálnici, silnici, komunikaci provádí zakázanou èinnost ; Pøedáno - Mìsto / Obec - ÚMO ;0;Plzeò, Vrbovecká 6 
2024/60586 ;03.09.2024 5:12;PØ ;Zákon è. 13/1997 Sb., o pozemních komunikacích - § 42a (fyzická osoba) - odst. 1 písm. i) na dálnici, silnici, komunikaci provádí zakázanou èinnost ; Provedena lustrace vozidla, Pøedáno - Mìsto / Obec - ÚMO, Pøedáno - Mìsto / Obec - SVSMP ;0;Plzeò, Sokolovská 78 
2024/60324 ;02.09.2024 10:01;PØ ;Zákon è. 13/1997 Sb., o pozemních komunikacích - § 42a (fyzická osoba) - odst. 1 písm. i) na dálnici, silnici, komunikaci provádí zakázanou èinnost ; Provedena lustrace vozidla, Pøedáno - Mìsto / Obec - ÚMO, Pøedáno - Mìsto / Obec - SVSMP ;0;Plzeò, Raisova 14 
2024/59403 ;29.08.2024 8:39;PØ ;Zákon è. 13/1997 Sb., o pozemních komunikacích - § 42a (fyzická osoba) - odst. 1 písm. i) na dálnici, silnici, komunikaci provádí zakázanou èinnost ; Pøedáno - Mìsto / Obec - ÚMO, Pøedáno - Mìsto / Obec - SVSMP, Provedena lustrace vozidla ;0;Plzeò, Sokolovská 91 
2024/59281 ;28.08.2024 13:59;PØ ;Zákon è. 13/1997 Sb., o pozemních komunikacích - § 42a (fyzická osoba) - odst. 1 písm. i) na dálnici, silnici, komunikaci provádí zakázanou èinnost ; Provedena lustrace vozidla, Pøedáno - Mìsto / Obec - ÚMO, Pøedáno - Mìsto / Obec - SVSMP ;0;Plzeò, Plaská 7 
2024/58676 ;26.08.2024 4:03;PØ ;Zákon è. 13/1997 Sb., o pozemních komunikacích - § 42a (fyzická osoba) - odst. 1 písm. i) na dálnici, silnici, komunikaci provádí zakázanou èinnost ; Provedena lustrace vozidla, Pøedáno - Mìsto / Obec - SVSMP, Pøedáno - Mìsto / Obec - ÚMO ;0;Plzeò, Sokolovská 69 
2024/58194 ;23.08.2024 15:47;PØ ;Zákon è. 13/1997 Sb., o pozemních komunikacích - § 42a (fyzická osoba) - odst. 1 písm. i) na dálnici, silnici, komunikaci provádí zakázanou èinnost ; Provedena lustrace vozidla, Pøedáno - Mìsto / Obec ;0;Plzeò, Božkovská 34 
2024/57044 ;19.08.2024 8:03;PØ ;Zákon è. 13/1997 Sb., o pozemních komunikacích - § 42a (fyzická osoba) - odst. 1 písm. i) na dálnici, silnici, komunikaci provádí zakázanou èinnost ; Pøedáno - Mìsto / Obec - ÚMO, Pøedáno - Mìsto / Obec - SVSMP, Provedena lustrace vozidla ;0;Plzeò, Plaská 7 
2024/57042 ;19.08.2024 8:02;PØ ;Zákon è. 13/1997 Sb., o pozemních komunikacích - § 42a (fyzická osoba) - odst. 1 písm. i) na dálnici, silnici, komunikaci provádí zakázanou èinnost ; Pøedáno - Mìsto / Obec - SVSMP, Pøedáno - Mìsto / Obec - ÚMO, Provedena lustrace vozidla ;0;Plzeò, Plaská 27 
2024/57041 ;19.08.2024 7:56;PØ ;Zákon è. 13/1997 Sb., o pozemních komunikacích - § 42a (fyzická osoba) - odst. 1 písm. i) na dálnici, silnici, komunikaci provádí zakázanou èinnost ; Pøedáno - Mìsto / Obec - ÚMO, Provedena lustrace vozidla, Pøedáno - Mìsto / Obec - SVSMP ;0;Plzeò, Plaská 29 
2024/57038 ;19.08.2024 7:41;PØ ;Zákon è. 13/1997 Sb., o pozemních komunikacích - § 42a (fyzická osoba) - odst. 1 písm. i) na dálnici, silnici, komunikaci provádí zakázanou èinnost ; Provedena lustrace vozidla, Pøedáno - Mìsto / Obec - SVSMP, Pøedáno - Mìsto / Obec - ÚMO ;0;Plzeò, Plaská 57 
2024/57037 ;19.08.2024 7:40;PØ ;Zákon è. 13/1997 Sb., o pozemních komunikacích - § 42a (fyzická osoba) - odst. 1 písm. i) na dálnici, silnici, komunikaci provádí zakázanou èinnost ; Provedena lustrace vozidla, Pøedáno - Mìsto / Obec - ÚMO, Pøedáno - Mìsto / Obec - SVSMP ;0;Plzeò, Plaská 1925/63 
2024/56940 ;18.08.2024 13:41;PØ ;Zákon è. 13/1997 Sb., o pozemních komunikacích - § 42a (fyzická osoba) - odst. 1 písm. i) na dálnici, silnici, komunikaci provádí zakázanou èinnost ; Provedena lustrace vozidla, Pøedáno - Mìsto / Obec - ÚMO, Pøedáno - Mìsto / Obec - SVSMP ;0;Plzeò, Heyrovského 34 
2024/56606 ;17.08.2024 6:53;PØ ;Zákon è. 13/1997 Sb., o pozemních komunikacích - § 42a (fyzická osoba) - odst. 1 písm. i) na dálnici, silnici, komunikaci provádí zakázanou èinnost ; Provedena lustrace vozidla, Pøedáno - Mìsto / Obec - ÚMO, Pøedáno - Mìsto / Obec - SVSMP ;0;Plzeò, Soukenická 5 
2024/56091 ;14.08.2024 14:10;PØ ;Zákon è. 13/1997 Sb., o pozemních komunikacích - § 42a (fyzická osoba) ; Osoby pouèeny, Pøedáno - Mìsto / Obec - ÚMO, Pøedáno - Mìsto / Obec - SVSMP ;0;Plzeò, V Slovanském údolí 115 
2024/55772 ;13.08.2024 9:44;PØ ;Zákon è. 13/1997 Sb., o pozemních komunikacích - § 42a (fyzická osoba) - ostatní ; Pøedáno - Mìsto / Obec - ÚMO, Pøedáno - Mìsto / Obec - SVSMP ;0;Plzeò, Nade Mží 
2024/55328 ;11.08.2024 6:53;PØ ;Zákon è. 13/1997 Sb., o pozemních komunikacích - § 42a (fyzická osoba) - odst. 1 písm. i) na dálnici, silnici, komunikaci provádí zakázanou èinnost ; Pøedáno - Mìsto / Obec - ÚMO, Pøedáno - Mìsto / Obec - SVSMP, Provedena lustrace vozidla ;0;Plzeò, Kralovická 7 
2024/55229 ;10.08.2024 16:47;PØ ;Zákon è. 13/1997 Sb., o pozemních komunikacích - § 42a (fyzická osoba) - odst. 1 písm. i) na dálnici, silnici, komunikaci provádí zakázanou èinnost ; Provedena lustrace vozidla, Pøedáno - Mìsto / Obec ;0;Plzeò, Máchova 33 
2024/55212 ;10.08.2024 15:28;PØ ;Zákon è. 13/1997 Sb., o pozemních komunikacích - § 42a (fyzická osoba) - odst. 1 písm. i) na dálnici, silnici, komunikaci provádí zakázanou èinnost ; Provedena lustrace vozidla, Pøedáno - Mìsto / Obec - SVSMP, Pøedáno - Mìsto / Obec - ÚMO ;0;Plzeò, Tachovská 87 
2024/55211 ;10.08.2024 15:28;PØ ;Zákon è. 13/1997 Sb., o pozemních komunikacích - § 42a (fyzická osoba) - odst. 1 písm. g) zneèistí nebo poškodí dálnici, silnici, komunikaci, souèást komunikace ; Provedena lustrace vozidla, Pøedáno - Mìsto / Obec - ÚMO ;0;Plzeò, Tachovská 87 
2024/55197 ;10.08.2024 14:21;PØ ;Zákon è. 13/1997 Sb., o pozemních komunikacích - § 42a (fyzická osoba) - odst. 1 písm. g) zneèistí nebo poškodí dálnici, silnici, komunikaci, souèást komunikace ; Provedena lustrace vozidla, Pøedáno - Mìsto / Obec - ÚMO ;0;Plzeò, Nad ZOO 
2024/54417 ;06.08.2024 21:20;PØ ;Zákon è. 13/1997 Sb., o pozemních komunikacích - § 42a (fyzická osoba) - odst. 1 písm. g) zneèistí nebo poškodí dálnici, silnici, komunikaci, souèást komunikace ; Pøedáno - HZS, Pøedáno - Mìsto / Obec - MMP ;0;Plzeò, Plaská 2 
2024/54244 ;06.08.2024 7:33;PØ ;Zákon è. 13/1997 Sb., o pozemních komunikacích - § 42a (fyzická osoba) - odst. 1 písm. i) na dálnici, silnici, komunikaci provádí zakázanou èinnost ; Pøedáno - Mìsto / Obec - ÚMO, Provedena lustrace vozidla ;0;Plzeò, Josefa Lady 18 
2024/53354 ;02.08.2024 12:09;PØ ;Zákon è. 13/1997 Sb., o pozemních komunikacích - § 42a (fyzická osoba) - odst. 1 písm. i) na dálnici, silnici, komunikaci provádí zakázanou èinnost ; Provedena lustrace vozidla, Pøedáno - Mìsto / Obec - ÚMO ;0;Plzeò, Ke Kukaèce 9 
2024/53103 ;01.08.2024 8:45;PØ ;Zákon è. 13/1997 Sb., o pozemních komunikacích - § 42a (fyzická osoba) - odst. 1 písm. i) na dálnici, silnici, komunikaci provádí zakázanou èinnost ; Provedena lustrace vozidla, Pøedáno - Mìsto / Obec - ÚMO, Pøedáno - Mìsto / Obec - SVSMP ;0;Plzeò, Goldscheiderova 9 
2024/52567 ;30.07.2024 8:49;PØ ;Zákon è. 13/1997 Sb., o pozemních komunikacích - § 42a (fyzická osoba) - odst. 1 písm. i) na dálnici, silnici, komunikaci provádí zakázanou èinnost ; Provedena lustrace vozidla, Vyøízeno ;0;Plzeò, Boettingerova 4a 
2024/52551 ;30.07.2024 8:20;PØ ;Zákon è. 13/1997 Sb., o pozemních komunikacích - § 42a (fyzická osoba) - odst. 1 písm. i) na dálnici, silnici, komunikaci provádí zakázanou èinnost ; Provedena lustrace vozidla, Pøedáno - Mìsto / Obec - ÚMO, Pøedáno - Mìsto / Obec - SVSMP ;0;Plzeò, Heyrovského 54 
2024/52451 ;29.07.2024 13:10;PØ ;Zákon è. 13/1997 Sb., o pozemních komunikacích - § 42a (fyzická osoba) - odst. 1 písm. i) na dálnici, silnici, komunikaci provádí zakázanou èinnost ; Pøedáno - Mìsto / Obec - ÚMO, Provedena lustrace vozidla ;0;Plzeò, Ke Špitálskému lesu 10 
2024/52135 ;28.07.2024 11:40;PØ ;Zákon è. 13/1997 Sb., o pozemních komunikacích - § 42a (fyzická osoba) - odst. 1 písm. i) na dálnici, silnici, komunikaci provádí zakázanou èinnost ; Vyøízeno ;0;Plzeò, Malý Bolevec 47 
2024/51556 ;25.07.2024 12:38;PØ ;Zákon è. 13/1997 Sb., o pozemních komunikacích - § 42a (fyzická osoba) - odst. 1 písm. i) na dálnici, silnici, komunikaci provádí zakázanou èinnost ; Pøedáno - Mìsto / Obec - ÚMO, Pøedáno - Mìsto / Obec - SVSMP ;0;Plzeò, Doudlevecká 55 
2024/51038 ;23.07.2024 7:34;PØ ;Zákon è. 13/1997 Sb., o pozemních komunikacích - § 42a (fyzická osoba) - odst. 1 písm. i) na dálnici, silnici, komunikaci provádí zakázanou èinnost ; Provedena lustrace vozidla, Pøedáno - Mìsto / Obec - SVSMP, Pøedáno - Mìsto / Obec - ÚMO ;0;Plzeò, Strážnická 6 
2024/50974 ;22.07.2024 21:52;PØ ;Zákon è. 13/1997 Sb., o pozemních komunikacích - § 42a (fyzická osoba) - odst. 1 písm. i) na dálnici, silnici, komunikaci provádí zakázanou èinnost ; Pøedáno - Mìsto / Obec - ÚMO, Pøedáno - Mìsto / Obec - SVSMP ;0;Plzeò, 28. øíjna 16 
2024/50873 ;22.07.2024 9:10;PØ ;Zákon è. 13/1997 Sb., o pozemních komunikacích - § 42a (fyzická osoba) - odst. 1 písm. i) na dálnici, silnici, komunikaci provádí zakázanou èinnost ; Provedena lustrace vozidla, Vyøízeno ;0;Plzeò, Verdunská 64/6 
2024/50831 ;22.07.2024 9:08;PØ ;Zákon è. 13/1997 Sb., o pozemních komunikacích - § 42a (fyzická osoba) - odst. 1 písm. i) na dálnici, silnici, komunikaci provádí zakázanou èinnost ; Pøedáno - Mìsto / Obec - ÚMO, Pøedáno - Mìsto / Obec - SVSMP, Vyøízeno ;0;Plzeò, U Trati 
2024/50828 ;22.07.2024 9:04;PØ ;Zákon è. 13/1997 Sb., o pozemních komunikacích - § 42a (fyzická osoba) - odst. 1 písm. i) na dálnici, silnici, komunikaci provádí zakázanou èinnost ; Pøedáno - Mìsto / Obec - ÚMO, Pøedáno - Mìsto / Obec - SVSMP ;0;Plzeò, U Trati 
2024/50652 ;21.07.2024 11:23;PØ ;Zákon è. 13/1997 Sb., o pozemních komunikacích - § 42a (fyzická osoba) - odst. 1 písm. i) na dálnici, silnici, komunikaci provádí zakázanou èinnost ; Provedena lustrace vozidla, Pøedáno - Mìsto / Obec - ÚMO, Pøedáno - Mìsto / Obec - SVSMP ;0;Plzeò, Øepná 29 
2024/50650 ;21.07.2024 11:22;PØ ;Zákon è. 13/1997 Sb., o pozemních komunikacích - § 42a (fyzická osoba) - odst. 1 písm. i) na dálnici, silnici, komunikaci provádí zakázanou èinnost ; Provedena lustrace vozidla, Vyøízeno ;0;Plzeò, Zemìdìlská 29 
2024/50448 ;20.07.2024 11:06;PØ ;Zákon è. 13/1997 Sb., o pozemních komunikacích - § 42a (fyzická osoba) - odst. 1 písm. i) na dálnici, silnici, komunikaci provádí zakázanou èinnost ; Provedena lustrace vozidla, Pøedáno - Mìsto / Obec - ÚMO, Pøedáno - Mìsto / Obec - SVSMP ;0;Plzeò, Na Belánce 11 
2024/50164 ;19.07.2024 7:46;PØ ;Zákon è. 13/1997 Sb., o pozemních komunikacích - § 42a (fyzická osoba) - odst. 1 písm. i) na dálnici, silnici, komunikaci provádí zakázanou èinnost ; Pøedáno - Mìsto / Obec - ÚMO, Pøedáno - Mìsto / Obec - SVSMP, Provedena lustrace vozidla ;0;Plzeò, 17. listopadu 21 
2024/49385 ;16.07.2024 1:55;PØ ;Zákon è. 13/1997 Sb., o pozemních komunikacích - § 42a (fyzická osoba) - odst. 1 písm. i) na dálnici, silnici, komunikaci provádí zakázanou èinnost ; Pøedáno - Mìsto / Obec - ÚMO, Pøedáno - Mìsto / Obec - SVSMP ;0;Plzeò, Schwarzova 17 
2024/49184 ;14.07.2024 19:08;PØ ;Zákon è. 13/1997 Sb., o pozemních komunikacích - § 42a (fyzická osoba) - odst. 1 písm. i) na dálnici, silnici, komunikaci provádí zakázanou èinnost ; Provedena lustrace vozidla, Pøedáno - Mìsto / Obec - ÚMO ;0;Plzeò, Ke Sv. Jiøí 11 
2024/49005 ;14.07.2024 7:59;PØ ;Zákon è. 13/1997 Sb., o pozemních komunikacích - § 42a (fyzická osoba) - odst. 1 písm. i) na dálnici, silnici, komunikaci provádí zakázanou èinnost ; Provedena lustrace vozidla, Pøedáno - Mìsto / Obec - ÚMO ;0;Plzeò, Žlutická 15 
2024/48413 ;11.07.2024 10:30;PØ ;Zákon è. 13/1997 Sb., o pozemních komunikacích - § 42a (fyzická osoba) - odst. 1 písm. i) na dálnici, silnici, komunikaci provádí zakázanou èinnost ; Pøedáno - Mìsto / Obec - ÚMO, Pøedáno - Mìsto / Obec - SVSMP, Provedena lustrace vozidla ;0;Plzeò, Na Belánce 11 
2024/48269 ;10.07.2024 16:39;PØ ;Zákon è. 13/1997 Sb., o pozemních komunikacích - § 42a (fyzická osoba) - odst. 1 písm. i) na dálnici, silnici, komunikaci provádí zakázanou èinnost ; Provedena lustrace vozidla, Pøedáno - Mìsto / Obec - MMP, Pøedáno - Mìsto / Obec - SVSMP ;0;Plzeò, Lukavická 11 
2024/48090 ;09.07.2024 20:44;PØ ;Zákon è. 13/1997 Sb., o pozemních komunikacích - § 42a (fyzická osoba) - odst. 1 písm. i) na dálnici, silnici, komunikaci provádí zakázanou èinnost ; Provedena lustrace vozidla, Pøedáno - Mìsto / Obec - ÚMO ;0;Plzeò, Družstevní 22 
2024/47999 ;09.07.2024 11:51;PØ ;Zákon è. 13/1997 Sb., o pozemních komunikacích - § 42a (fyzická osoba) - odst. 1 písm. i) na dálnici, silnici, komunikaci provádí zakázanou èinnost ; Provedena lustrace vozidla, Pøedáno - Mìsto / Obec - ÚMO, Pøedáno - Mìsto / Obec - SVSMP, Vyøízeno ;0;Plzeò, 17. listopadu 1 
2024/47416 ;06.07.2024 19:05;PØ ;Zákon è. 13/1997 Sb., o pozemních komunikacích - § 42a (fyzická osoba) - odst. 1 písm. i) na dálnici, silnici, komunikaci provádí zakázanou èinnost ; Provedena lustrace vozidla, Pøedáno - Mìsto / Obec - ÚMO, Pøedáno - Mìsto / Obec - SVSMP ;0;Plzeò, U Radbuzy 2 
2024/46913 ;04.07.2024 17:35;PØ ;Zákon è. 13/1997 Sb., o pozemních komunikacích - § 42a (fyzická osoba) - odst. 1 písm. i) na dálnici, silnici, komunikaci provádí zakázanou èinnost ; Provedena lustrace vozidla, Pøedáno - Mìsto / Obec - ÚMO ;0;Plzeò, Kralovická 7 
2024/46911 ;04.07.2024 17:29;PØ ;Zákon è. 13/1997 Sb., o pozemních komunikacích - § 42a (fyzická osoba) - odst. 1 písm. i) na dálnici, silnici, komunikaci provádí zakázanou èinnost ; Provedena lustrace vozidla, Pøedáno - Mìsto / Obec - ÚMO, Pøedáno - Mìsto / Obec - SVSMP ;0;Plzeò, Kralovická 7 
2024/46909 ;04.07.2024 17:25;PØ ;Zákon è. 13/1997 Sb., o pozemních komunikacích - § 42a (fyzická osoba) - odst. 1 písm. i) na dálnici, silnici, komunikaci provádí zakázanou èinnost ; Provedena lustrace vozidla, Pøedáno - Mìsto / Obec - ÚMO, Pøedáno - Mìsto / Obec - SVSMP ;0;Plzeò, Žlutická 14 
2024/46906 ;04.07.2024 17:00;PØ ;Zákon è. 13/1997 Sb., o pozemních komunikacích - § 42a (fyzická osoba) - odst. 1 písm. i) na dálnici, silnici, komunikaci provádí zakázanou èinnost ; Provedena lustrace vozidla, Pøedáno - Mìsto / Obec - ÚMO, Pøedáno - Mìsto / Obec - SVSMP ;0;Plzeò, Žlutická 1621/16 
2024/46785 ;04.07.2024 9:15;PØ ;Zákon è. 13/1997 Sb., o pozemních komunikacích - § 42a (fyzická osoba) - odst. 1 písm. i) na dálnici, silnici, komunikaci provádí zakázanou èinnost ; Pøedáno - Mìsto / Obec - ÚMO, Provedena lustrace vozidla ;0;Plzeò, Tìšínská 19 
2024/46757 ;04.07.2024 7:45;PØ ;Zákon è. 13/1997 Sb., o pozemních komunikacích - § 42a (fyzická osoba) - odst. 1 písm. i) na dálnici, silnici, komunikaci provádí zakázanou èinnost ; Provedena lustrace vozidla, Pøedáno - Mìsto / Obec - ÚMO, Pøedáno - Mìsto / Obec - SVSMP ;0;Plzeò, Heyrovského 30 
2024/46516 ;03.07.2024 6:39;PØ ;Zákon è. 13/1997 Sb., o pozemních komunikacích - § 42a (fyzická osoba) - odst. 1 písm. i) na dálnici, silnici, komunikaci provádí zakázanou èinnost ; Provedena lustrace vozidla, Pøedáno - Mìsto / Obec - ÚMO ;0;Plzeò, Sokolovská 105 
2024/45988 ;01.07.2024 0:13;PØ ;Zákon è. 13/1997 Sb., o pozemních komunikacích - § 42a (fyzická osoba) - odst. 1 písm. i) na dálnici, silnici, komunikaci provádí zakázanou èinnost ; Provedena lustrace vozidla, Pøedáno - Mìsto / Obec - ÚMO, Pøedáno - Mìsto / Obec - SVSMP ;0;Plzeò, Hodonínská 49 
2024/45986 ;01.07.2024 0:10;PØ ;Zákon è. 13/1997 Sb., o pozemních komunikacích - § 42a (fyzická osoba) - odst. 1 písm. i) na dálnici, silnici, komunikaci provádí zakázanou èinnost ; Provedena lustrace vozidla, Pøedáno - Mìsto / Obec - SVSMP, Pøedáno - Mìsto / Obec - ÚMO ;0;Plzeò, Hodonínská 49 
2024/45975 ;01.07.2024 0:07;PØ ;Zákon è. 13/1997 Sb., o pozemních komunikacích - § 42a (fyzická osoba) - odst. 1 písm. i) na dálnici, silnici, komunikaci provádí zakázanou èinnost ; Provedena lustrace vozidla, Pøedáno - Mìsto / Obec - ÚMO ;0;Plzeò, Hodonínská 39 
2024/45201 ;27.06.2024 11:01;PØ ;Zákon è. 13/1997 Sb., o pozemních komunikacích - § 42a (fyzická osoba) - odst. 1 písm. i) na dálnici, silnici, komunikaci provádí zakázanou èinnost ; Pøedáno - Mìsto / Obec - ÚMO, Provedena lustrace vozidla ;0;Plzeò, Ke Sv. Jiøí 28 
2024/44372 ;24.06.2024 7:51;PØ ;Zákon è. 13/1997 Sb., o pozemních komunikacích - § 42a (fyzická osoba) - odst. 1 písm. i) na dálnici, silnici, komunikaci provádí zakázanou èinnost ; Provedena lustrace vozidla, Pøedáno - Mìsto / Obec - ÚMO, Pøedáno - Mìsto / Obec - SVSMP ;0;Plzeò, Vrchlického 9 
2024/44217 ;23.06.2024 15:19;PØ ;Zákon è. 13/1997 Sb., o pozemních komunikacích - § 42a (fyzická osoba) - odst. 1 písm. i) na dálnici, silnici, komunikaci provádí zakázanou èinnost ; Jiná opatøení - jiná opatøení - ostatní, Pøedáno - pøedáno majiteli, Vyøízeno ;0;Plzeò, Vinohradská 15 
2024/43981 ;22.06.2024 16:41;PØ ;Zákon è. 13/1997 Sb., o pozemních komunikacích - § 42a (fyzická osoba) - odst. 1 písm. i) na dálnici, silnici, komunikaci provádí zakázanou èinnost ; Jiná opatøení - jiná opatøení - ostatní, Pøedáno - Mìsto / Obec - SVSMP ;0;Plzeò, Vinohradská 15 
2024/43978 ;22.06.2024 16:34;PØ ;Zákon è. 13/1997 Sb., o pozemních komunikacích - § 42a (fyzická osoba) - odst. 1 písm. i) na dálnici, silnici, komunikaci provádí zakázanou èinnost ; Provedena lustrace vozidla, Pøedáno - Mìsto / Obec - ÚMO, Pøedáno - Mìsto / Obec - SVSMP ;0;Plzeò, Vinohradská 19 
2024/43866 ;22.06.2024 7:15;PØ ;Zákon è. 13/1997 Sb., o pozemních komunikacích - § 42a (fyzická osoba) - odst. 1 písm. i) na dálnici, silnici, komunikaci provádí zakázanou èinnost ; Provedena lustrace vozidla, Pøedáno - Mìsto / Obec - ÚMO, Pøedáno - Mìsto / Obec - SVSMP ;0;Plzeò, Pøeštická 
2024/43565 ;21.06.2024 5:09;PØ ;Zákon è. 13/1997 Sb., o pozemních komunikacích - § 42a (fyzická osoba) - odst. 1 písm. i) na dálnici, silnici, komunikaci provádí zakázanou èinnost ; Provedena lustrace vozidla, Pøedáno - Mìsto / Obec - ÚMO, Pøedáno - Mìsto / Obec - SVSMP ;0;Plzeò, Sokolovská 
2024/43563 ;21.06.2024 5:00;PØ ;Zákon è. 13/1997 Sb., o pozemních komunikacích - § 42a (fyzická osoba) - odst. 1 písm. i) na dálnici, silnici, komunikaci provádí zakázanou èinnost ; Provedena lustrace vozidla, Pøedáno - Mìsto / Obec - SVSMP, Pøedáno - Mìsto / Obec - ÚMO ;0;Plzeò, Sokolovská 74 
2024/43469 ;20.06.2024 13:40;PØ ;Zákon è. 13/1997 Sb., o pozemních komunikacích - § 42a (fyzická osoba) - odst. 1 písm. i) na dálnici, silnici, komunikaci provádí zakázanou èinnost ; Provedena lustrace vozidla, Pøedáno - Mìsto / Obec - ÚMO, Pøedáno - Mìsto / Obec - SVSMP ;0;Plzeò, K Lávce 14 
2024/43155 ;19.06.2024 10:05;PØ ;Zákon è. 13/1997 Sb., o pozemních komunikacích - § 42a (fyzická osoba) - odst. 1 písm. i) na dálnici, silnici, komunikaci provádí zakázanou èinnost ; Provedena lustrace vozidla, Pøedáno - Mìsto / Obec - ÚMO ;0;Plzeò, Na Lipce 3 
2024/42653 ;17.06.2024 13:35;PØ ;Zákon è. 13/1997 Sb., o pozemních komunikacích - § 42a (fyzická osoba) - odst. 1 písm. i) na dálnici, silnici, komunikaci provádí zakázanou èinnost ; Pøedáno - Mìsto / Obec - ÚMO, Provedena lustrace vozidla ;0;Plzeò, Rokycanská 770/40 
2024/42473 ;16.06.2024 20:10;PØ ;Zákon è. 13/1997 Sb., o pozemních komunikacích - § 42a (fyzická osoba) - odst. 1 písm. i) na dálnici, silnici, komunikaci provádí zakázanou èinnost ; Pøedáno - Mìsto / Obec - ÚMO, Pøedáno - Mìsto / Obec - SVSMP ;0;Plzeò, Gerská 48 
2024/41337 ;11.06.2024 14:45;PØ ;Zákon è. 13/1997 Sb., o pozemních komunikacích - § 42a (fyzická osoba) - odst. 1 písm. i) na dálnici, silnici, komunikaci provádí zakázanou èinnost ; Provedena lustrace vozidla, Pøedáno - Mìsto / Obec - ÚMO ;0;Plzeò, Ke Sv. Jiøí 30 
2024/39967 ;05.06.2024 14:07;PØ ;Zákon è. 13/1997 Sb., o pozemních komunikacích - § 42a (fyzická osoba) - odst. 1 písm. i) na dálnici, silnici, komunikaci provádí zakázanou èinnost ; Provedena lustrace vozidla, Pøedáno - Mìsto / Obec - MMP ;0;Plzeò, Nad Pøehradou 21 
2024/39770 ;04.06.2024 20:58;PØ ;Zákon è. 13/1997 Sb., o pozemních komunikacích - § 42a (fyzická osoba) - odst. 1 písm. i) na dálnici, silnici, komunikaci provádí zakázanou èinnost ; Pøedáno - Mìsto / Obec ;0;Plzeò, Nerudova 22 
2024/39754 ;04.06.2024 15:24;PØ ;Zákon è. 13/1997 Sb., o pozemních komunikacích - § 42a (fyzická osoba) - odst. 1 písm. i) na dálnici, silnici, komunikaci provádí zakázanou èinnost ; Provedena lustrace vozidla, Pøedáno - Mìsto / Obec - ÚMO, Pøedáno - Mìsto / Obec - SVSMP ;0;Plzeò, Nad Pøehradou 5 
2024/39753 ;04.06.2024 15:22;PØ ;Zákon è. 13/1997 Sb., o pozemních komunikacích - § 42a (fyzická osoba) - odst. 1 písm. i) na dálnici, silnici, komunikaci provádí zakázanou èinnost ; Vrak odstranìn, Vyøízeno ;0;Plzeò, Nad Pøehradou 7 
2024/39748 ;04.06.2024 7:10;PØ ;Zákon è. 13/1997 Sb., o pozemních komunikacích - § 42a (fyzická osoba) - odst. 1 písm. i) na dálnici, silnici, komunikaci provádí zakázanou èinnost ; Vyøízeno ;0;Plzeò, Skupova 14 
2024/39671 ;04.06.2024 6:54;PØ ;Zákon è. 13/1997 Sb., o pozemních komunikacích - § 42a (fyzická osoba) - odst. 1 písm. i) na dálnici, silnici, komunikaci provádí zakázanou èinnost ; Provedena lustrace vozidla, Pøedáno - Mìsto / Obec - ÚMO, Pøedáno - Mìsto / Obec - SVSMP ;0;Plzeò, Skupova 6 
2024/39421 ;03.06.2024 12:30;PØ ;Zákon è. 13/1997 Sb., o pozemních komunikacích - § 42a (fyzická osoba) - odst. 1 písm. i) na dálnici, silnici, komunikaci provádí zakázanou èinnost ; Provedena lustrace vozidla, Pøedáno - Mìsto / Obec - ÚMO, Pøedáno - Mìsto / Obec - SVSMP ;0;Plzeò, Øíèní 3 
2024/39336 ;03.06.2024 6:46;PØ ;Zákon è. 13/1997 Sb., o pozemních komunikacích - § 42a (fyzická osoba) - odst. 1 písm. i) na dálnici, silnici, komunikaci provádí zakázanou èinnost ; Provedena lustrace vozidla, Pøedáno - Mìsto / Obec - ÚMO, Pøedáno - Mìsto / Obec - SVSMP ;0;Plzeò, Heyrovského 44 
2024/39115 ;02.06.2024 3:25;PØ ;Zákon è. 13/1997 Sb., o pozemních komunikacích - § 42a (fyzická osoba) - odst. 1 písm. i) na dálnici, silnici, komunikaci provádí zakázanou èinnost ; Pøedáno - Mìsto / Obec - ÚMO ;0;Plzeò, Komenského 87 
2024/37931 ;27.05.2024 13:01;PØ ;Zákon è. 13/1997 Sb., o pozemních komunikacích - § 42a (fyzická osoba) - odst. 1 písm. i) na dálnici, silnici, komunikaci provádí zakázanou èinnost ; Vyøízeno, Pøedáno - Mìsto / Obec - ÚMO ;0;Plzeò, Dlouhá 25 
2024/37315 ;26.05.2024 6:45;PØ ;Zákon è. 13/1997 Sb., o pozemních komunikacích - § 42a (fyzická osoba) - odst. 1 písm. i) na dálnici, silnici, komunikaci provádí zakázanou èinnost ; Jiná opatøení - jiná opatøení - ostatní, Provedena lustrace vozidla, Pøedáno - Mìsto / Obec - ÚMO, Pøedáno - Mìsto / Obec - SVSMP ;0;Plzeò, Dobøanská è.e.1771 
2024/37161 ;25.05.2024 10:50;PØ ;Zákon è. 13/1997 Sb., o pozemních komunikacích - § 42a (fyzická osoba) - odst. 1 písm. i) na dálnici, silnici, komunikaci provádí zakázanou èinnost ; Jiná opatøení - jiná opatøení - ostatní, Vyøízeno ;0;Plzeò, Nad Radbuzou 6 
2024/37160 ;25.05.2024 10:50;PØ ;Zákon è. 13/1997 Sb., o pozemních komunikacích - § 42a (fyzická osoba) - odst. 1 písm. i) na dálnici, silnici, komunikaci provádí zakázanou èinnost ; Jiná opatøení - jiná opatøení - ostatní, Vyøízeno ;0;Plzeò, Nad Radbuzou 6 
2024/37112 ;25.05.2024 7:22;PØ ;Zákon è. 13/1997 Sb., o pozemních komunikacích - § 42a (fyzická osoba) - odst. 1 písm. i) na dálnici, silnici, komunikaci provádí zakázanou èinnost ; Provedena lustrace vozidla, Pøedáno - Mìsto / Obec - ÚMO, Pøedáno - Mìsto / Obec - SVSMP ;0;Plzeò, 17. listopadu 1 
2024/37108 ;25.05.2024 7:19;PØ ;Zákon è. 13/1997 Sb., o pozemních komunikacích - § 42a (fyzická osoba) - odst. 1 písm. i) na dálnici, silnici, komunikaci provádí zakázanou èinnost ; Provedena lustrace vozidla, Pøedáno - Mìsto / Obec - ÚMO, Pøedáno - Mìsto / Obec - SVSMP ;0;Plzeò, 17. listopadu 1 
2024/37104 ;25.05.2024 7:17;PØ ;Zákon è. 13/1997 Sb., o pozemních komunikacích - § 42a (fyzická osoba) - odst. 1 písm. i) na dálnici, silnici, komunikaci provádí zakázanou èinnost ; Provedena lustrace vozidla, Pøedáno - Mìsto / Obec - ÚMO, Pøedáno - Mìsto / Obec - SVSMP ;0;Plzeò, 17. listopadu 3 
2024/36964 ;24.05.2024 10:20;PØ ;Zákon è. 13/1997 Sb., o pozemních komunikacích - § 42a (fyzická osoba) - odst. 1 písm. i) na dálnici, silnici, komunikaci provádí zakázanou èinnost ; Provedena lustrace vozidla, Pøedáno - Mìsto / Obec - SVSMP, Pøedáno - Mìsto / Obec - ÚMO ;0;Plzeò, Klatovská tøída 202 
2024/36693 ;23.05.2024 10:47;PØ ;Zákon è. 13/1997 Sb., o pozemních komunikacích - § 42a (fyzická osoba) - odst. 1 písm. i) na dálnici, silnici, komunikaci provádí zakázanou èinnost ; Provedena lustrace vozidla, Pøedáno - Mìsto / Obec - MMP ;0;Plzeò, Paøížská 
2024/36572 ;22.05.2024 19:15;PØ ;Zákon è. 13/1997 Sb., o pozemních komunikacích - § 42a (fyzická osoba) - odst. 1 písm. i) na dálnici, silnici, komunikaci provádí zakázanou èinnost ; Pøedáno - Mìsto / Obec ;0;Plzeò, Terezie Brzkové 50 
2024/35518 ;14.05.2024 19:53;PØ ;Zákon è. 13/1997 Sb., o pozemních komunikacích - § 42a (fyzická osoba) - odst. 1 písm. i) na dálnici, silnici, komunikaci provádí zakázanou èinnost ; Provedena lustrace vozidla, Pøedáno - Mìsto / Obec - ÚMO, Pøedáno - Mìsto / Obec - SVSMP ;0;Plzeò, Hodonínská 57 
2024/35385 ;18.05.2024 7:12;PØ ;Zákon è. 13/1997 Sb., o pozemních komunikacích - § 42a (fyzická osoba) - odst. 1 písm. i) na dálnici, silnici, komunikaci provádí zakázanou èinnost ; Provedena lustrace vozidla, Pøedáno - Mìsto / Obec - MMP, Pøedáno - Mìsto / Obec - SVSMP ;0;Plzeò, Toužimská 10 
2024/35044 ;16.05.2024 13:30;PØ ;Zákon è. 13/1997 Sb., o pozemních komunikacích - § 42a (fyzická osoba) - odst. 1 písm. i) na dálnici, silnici, komunikaci provádí zakázanou èinnost ; Vyøízeno ;0;Plzeò, Doudlevecká 47 
2024/35038 ;16.05.2024 13:26;PØ ;Zákon è. 13/1997 Sb., o pozemních komunikacích - § 42a (fyzická osoba) - odst. 1 písm. i) na dálnici, silnici, komunikaci provádí zakázanou èinnost ; Jiná opatøení - jiná opatøení - ostatní, Pøedáno - Mìsto / Obec - SVSMP, Vyøízeno ;0;Plzeò, Doudlevecká 45 
2024/34617 ;14.05.2024 19:45;PØ ;Zákon è. 13/1997 Sb., o pozemních komunikacích - § 42a (fyzická osoba) - odst. 1 písm. i) na dálnici, silnici, komunikaci provádí zakázanou èinnost ; Provedena lustrace vozidla, Pøedáno - Mìsto / Obec - ÚMO, Pøedáno - Mìsto / Obec - SVSMP ;0;Plzeò, Hodonínská 59 
2024/34473 ;14.05.2024 9:59;PØ ;Zákon è. 13/1997 Sb., o pozemních komunikacích - § 42a (fyzická osoba) - odst. 1 písm. i) na dálnici, silnici, komunikaci provádí zakázanou èinnost ; Provedena lustrace vozidla, Vyøízeno ;0;Plzeò, Øíèní 6 
2024/34245 ;16.04.2024 11:13;PØ ;Zákon è. 13/1997 Sb., o pozemních komunikacích - § 42a (fyzická osoba) - odst. 1 písm. i) na dálnici, silnici, komunikaci provádí zakázanou èinnost ; Provedena lustrace vozidla, Pøedáno - Mìsto / Obec - ÚMO ;0;Plzeò, Zábìlská 60a 
2024/34137 ;13.05.2024 2:05;PØ ;Zákon è. 13/1997 Sb., o pozemních komunikacích - § 42a (fyzická osoba) - odst. 1 písm. i) na dálnici, silnici, komunikaci provádí zakázanou èinnost ; Pøedáno - Mìsto / Obec ;0;Plzeò, Husova 46 
2024/33466 ;10.05.2024 13:27;PØ ;Zákon è. 13/1997 Sb., o pozemních komunikacích - § 42a (fyzická osoba) - odst. 1 písm. i) na dálnici, silnici, komunikaci provádí zakázanou èinnost ; Provedena lustrace vozidla, Pøedáno - Mìsto / Obec - ÚMO, Pøedáno - Mìsto / Obec - SVSMP ;0;Plzeò, Tomanova 18 
2024/33188 ;09.05.2024 14:52;PØ ;Zákon è. 13/1997 Sb., o pozemních komunikacích - § 42a (fyzická osoba) - odst. 1 písm. i) na dálnici, silnici, komunikaci provádí zakázanou èinnost ; Provedena lustrace vozidla, Pøedáno - Mìsto / Obec - ÚMO, Pøedáno - Mìsto / Obec - SVSMP ;0;Plzeò, Strážnická 15 
2024/33187 ;09.05.2024 15:18;PØ ;Zákon è. 13/1997 Sb., o pozemních komunikacích - § 42a (fyzická osoba) - odst. 1 písm. i) na dálnici, silnici, komunikaci provádí zakázanou èinnost ; Provedena lustrace vozidla, Pøedáno - Mìsto / Obec - SVSMP, Pøedáno - Mìsto / Obec - ÚMO ;0;Plzeò, Strážnická 30 
2024/33186 ;09.05.2024 15:20;PØ ;Zákon è. 13/1997 Sb., o pozemních komunikacích - § 42a (fyzická osoba) - odst. 1 písm. i) na dálnici, silnici, komunikaci provádí zakázanou èinnost ; Provedena lustrace vozidla, Pøedáno - Mìsto / Obec - SVSMP, Pøedáno - Mìsto / Obec - ÚMO ;0;Plzeò, Strážnická 28 
2024/33168 ;09.05.2024 11:00;PØ ;Zákon è. 13/1997 Sb., o pozemních komunikacích - § 42a (fyzická osoba) - odst. 1 písm. i) na dálnici, silnici, komunikaci provádí zakázanou èinnost ; Pøedáno - Mìsto / Obec - ÚMO ;0;Plzeò, Zikmunda Wintra 1 
2024/33106 ;09.05.2024 10:10;PØ ;Zákon è. 13/1997 Sb., o pozemních komunikacích - § 42a (fyzická osoba) - odst. 1 písm. i) na dálnici, silnici, komunikaci provádí zakázanou èinnost ; Pøedáno - Mìsto / Obec - ÚMO, Pøedáno - Mìsto / Obec - SVSMP, Provedena lustrace vozidla ;0;Plzeò, Doudlevecká 55 
2024/33100 ;09.05.2024 8:12;PØ ;Zákon è. 13/1997 Sb., o pozemních komunikacích - § 42a (fyzická osoba) - odst. 1 písm. i) na dálnici, silnici, komunikaci provádí zakázanou èinnost ; Provedena lustrace vozidla, Pøedáno - Mìsto / Obec - ÚMO, Pøedáno - Mìsto / Obec - SVSMP ;0;Plzeò, Šimerova 10 
2024/32853 ;08.05.2024 11:20;PØ ;Zákon è. 13/1997 Sb., o pozemních komunikacích - § 42b (právnická osoba) - odst. 1 písm. i) na dálnici, silnici, komunikaci provádí zakázanou èinnost ; Provedena lustrace vozidla, Pøedáno - Mìsto / Obec - ÚMO ;0;Plzeò, Dubová 18 
2024/32793 ;08.05.2024 7:53;PØ ;Zákon è. 13/1997 Sb., o pozemních komunikacích - § 42a (fyzická osoba) - odst. 1 písm. i) na dálnici, silnici, komunikaci provádí zakázanou èinnost ; Provedena lustrace vozidla, Pøedáno - Mìsto / Obec ;0;Plzeò, Nad Pøehradou 
2024/32347 ;06.05.2024 8:11;PØ ;Zákon è. 13/1997 Sb., o pozemních komunikacích - § 42a (fyzická osoba) - odst. 1 písm. i) na dálnici, silnici, komunikaci provádí zakázanou èinnost ; Pøedáno - Mìsto / Obec - ÚMO, Provedena lustrace vozidla ;0;Plzeò, Družby 15 
2024/31794 ;03.05.2024 23:19;PØ ;Zákon è. 13/1997 Sb., o pozemních komunikacích - § 42a (fyzická osoba) - odst. 1 písm. i) na dálnici, silnici, komunikaci provádí zakázanou èinnost ; Provedena lustrace vozidla, Pøedáno - Mìsto / Obec - ÚMO ;0;Plzeò, Presslova 13 
2024/31419 ;02.05.2024 14:06;PØ ;Zákon è. 13/1997 Sb., o pozemních komunikacích - § 42a (fyzická osoba) - odst. 1 písm. g) zneèistí nebo poškodí dálnici, silnici, komunikaci, souèást komunikace ; Pøedáno - Mìsto / Obec - ÚMO ;0;Plzeò, Na Jíkalce 21 
2024/30434 ;28.04.2024 13:02;PØ ;Zákon è. 13/1997 Sb., o pozemních komunikacích - § 42a (fyzická osoba) - odst. 1 písm. i) na dálnici, silnici, komunikaci provádí zakázanou èinnost ; Provedena lustrace vozidla, Pøedáno - Mìsto / Obec - ÚMO ;0;Plzeò, Nad Týncem 42 
2024/29465 ;24.04.2024 7:15;PØ ;Zákon è. 13/1997 Sb., o pozemních komunikacích - § 42a (fyzická osoba) - odst. 1 písm. i) na dálnici, silnici, komunikaci provádí zakázanou èinnost ; Pøedáno - Mìsto / Obec - ostatní, Provedena lustrace vozidla ;0;Plzeò, Elišky Krásnohorské 21 
2024/29210 ;23.04.2024 14:32;PØ ;Zákon è. 13/1997 Sb., o pozemních komunikacích - § 42a (fyzická osoba) - odst. 1 písm. i) na dálnici, silnici, komunikaci provádí zakázanou èinnost ; Vyøízeno, Osoby pouèeny ;0;Plzeò, Baarova 
2024/28473 ;20.04.2024 8:01;PØ ;Zákon è. 13/1997 Sb., o pozemních komunikacích - § 42a (fyzická osoba) - odst. 1 písm. i) na dálnici, silnici, komunikaci provádí zakázanou èinnost ; Pøedáno - Mìsto / Obec - ÚMO, Provedena lustrace vozidla ;0;Plzeò, Lochotínská 18 
2024/28408 ;19.04.2024 19:20;PØ ;Zákon è. 13/1997 Sb., o pozemních komunikacích - § 42a (fyzická osoba) - odst. 1 písm. i) na dálnici, silnici, komunikaci provádí zakázanou èinnost ; Provedena lustrace vozidla, Pøedáno - Mìsto / Obec - ÚMO ;0;Plzeò, K Jezu 26 
2024/27836 ;17.04.2024 11:25;PØ ;Zákon è. 13/1997 Sb., o pozemních komunikacích - § 42a (fyzická osoba) - odst. 1 písm. i) na dálnici, silnici, komunikaci provádí zakázanou èinnost ; Provedena lustrace vozidla, Pøedáno - Mìsto / Obec - ÚMO, Pøedáno - Mìsto / Obec - SVSMP ;0;Plzeò, Štefánikovo námìstí 4 
2024/27411 ;15.04.2024 14:30;PØ ;Zákon è. 13/1997 Sb., o pozemních komunikacích - § 42b (právnická osoba) - odst. 1 písm. g) zneèistí nebo poškodí dálnici, silnici, komunikaci, souèást komunikace ; Pøedáno - Mìsto / Obec ;0;Plzeò, Mohylová 55 
2024/26606 ;12.04.2024 9:48;PØ ;Zákon è. 13/1997 Sb., o pozemních komunikacích - § 42a (fyzická osoba) - odst. 1 písm. i) na dálnici, silnici, komunikaci provádí zakázanou èinnost ; Provedena lustrace vozidla, Pøedáno - Mìsto / Obec - ÚMO, Pøedáno - Mìsto / Obec - SVSMP ;0;Plzeò, námìstí Míru 2 
2024/26023 ;09.04.2024 17:18;PØ ;Zákon è. 13/1997 Sb., o pozemních komunikacích - § 42a (fyzická osoba) - ostatní ; Jiná opatøení, Pøedáno - Mìsto / Obec - ÚMO ;0;Plzeò, Lábkova 57 
2024/25939 ;08.04.2024 14:00;PØ ;Zákon è. 13/1997 Sb., o pozemních komunikacích - § 42a (fyzická osoba) - odst. 1 písm. i) na dálnici, silnici, komunikaci provádí zakázanou èinnost ; Provedena lustrace vozidla, Pøedáno - Mìsto / Obec - ÚMO, Pøedáno - Mìsto / Obec - SVSMP ;0;Plzeò, Plovární 38 
2024/25935 ;08.04.2024 13:57;PØ ;Zákon è. 13/1997 Sb., o pozemních komunikacích - § 42a (fyzická osoba) - odst. 1 písm. i) na dálnici, silnici, komunikaci provádí zakázanou èinnost ; Jiná opatøení - jiná opatøení - ostatní, Vyøízeno ;0;Plzeò, Plynární 5 
2024/25784 ;08.04.2024 13:59;PØ ;Zákon è. 13/1997 Sb., o pozemních komunikacích - § 42a (fyzická osoba) - odst. 1 písm. i) na dálnici, silnici, komunikaci provádí zakázanou èinnost ; Provedena lustrace vozidla, Vyøízeno, Jiná opatøení - jiná opatøení - ostatní ;0;Plzeò, Plovární 24 
2024/25782 ;08.04.2024 13:57;PØ ;Zákon è. 13/1997 Sb., o pozemních komunikacích - § 42a (fyzická osoba) - odst. 1 písm. i) na dálnici, silnici, komunikaci provádí zakázanou èinnost ; Provedena lustrace vozidla, Pøedáno - Mìsto / Obec - MMP, Pøedáno - Mìsto / Obec - SVSMP ;0;Plzeò, Plovární 24 
2024/25520 ;07.04.2024 14:39;PØ ;Zákon è. 13/1997 Sb., o pozemních komunikacích - § 42a (fyzická osoba) - odst. 1 písm. i) na dálnici, silnici, komunikaci provádí zakázanou èinnost ; Vyøízeno, Osoby pouèeny, Pøedáno - Mìsto / Obec - ÚMO, Pøedáno - Mìsto / Obec - SVSMP ;0;Plzeò, Sokolovská 103 
2024/24837 ;04.04.2024 13:11;PØ ;Zákon è. 13/1997 Sb., o pozemních komunikacích - § 42a (fyzická osoba) - odst. 1 písm. i) na dálnici, silnici, komunikaci provádí zakázanou èinnost ; Pøedáno - Mìsto / Obec - ÚMO ;0;Plzeò, Hranièní 788/18 
2024/24835 ;04.04.2024 13:08;PØ ;Zákon è. 13/1997 Sb., o pozemních komunikacích - § 42a (fyzická osoba) - odst. 1 písm. i) na dálnici, silnici, komunikaci provádí zakázanou èinnost ; Pøedáno - Mìsto / Obec - ÚMO ;0;Plzeò, Hranièní 16 
2024/24618 ;02.04.2024 9:13;PØ ;Zákon è. 13/1997 Sb., o pozemních komunikacích - § 42a (fyzická osoba) - odst. 1 písm. i) na dálnici, silnici, komunikaci provádí zakázanou èinnost ; Provedena lustrace vozidla, Pøedáno - Mìsto / Obec - MMP ;0;Plzeò, Ke Špitálskému lesu 20 
2024/23993 ;01.04.2024 7:00;PØ ;Zákon è. 13/1997 Sb., o pozemních komunikacích - § 42a (fyzická osoba) - odst. 1 písm. g) zneèistí nebo poškodí dálnici, silnici, komunikaci, souèást komunikace ; Pøedáno - Mìsto / Obec ;0;Plzeò, Sokolovská 44a 
2024/22366 ;25.03.2024 10:47;PØ ;Zákon è. 13/1997 Sb., o pozemních komunikacích - § 42a (fyzická osoba) - odst. 1 písm. i) na dálnici, silnici, komunikaci provádí zakázanou èinnost ; Pøedáno - Mìsto / Obec - ÚMO, Pøedáno - Mìsto / Obec - SVSMP ;0;Plzeò, Heyrovského 23 
2024/22348 ;25.03.2024 9:11;PØ ;Zákon è. 13/1997 Sb., o pozemních komunikacích - § 42a (fyzická osoba) - odst. 1 písm. i) na dálnici, silnici, komunikaci provádí zakázanou èinnost ; Provedena lustrace vozidla, Pøedáno - Mìsto / Obec - ÚMO, Pøedáno - Mìsto / Obec - SVSMP ;0;Plzeò, Èermákova 33 
2024/22220 ;24.03.2024 23:07;PØ ;Zákon è. 13/1997 Sb., o pozemních komunikacích - § 42a (fyzická osoba) - odst. 1 písm. g) zneèistí nebo poškodí dálnici, silnici, komunikaci, souèást komunikace ; Pøedáno - Mìsto / Obec - ÚMO, Provedena lustrace vozidla, Osoby pouèeny, Pøedáno - HZS ;0;Plzeò, Paøížská 2 
2024/22114 ;24.03.2024 11:06;PØ ;Zákon è. 13/1997 Sb., o pozemních komunikacích - § 42a (fyzická osoba) - odst. 1 písm. i) na dálnici, silnici, komunikaci provádí zakázanou èinnost ; Provedena lustrace vozidla, Pøedáno - Mìsto / Obec ;0;Plzeò, Kralovická 21 
2024/21946 ;23.03.2024 15:43;PØ ;Zákon è. 13/1997 Sb., o pozemních komunikacích - § 42a (fyzická osoba) - odst. 1 písm. i) na dálnici, silnici, komunikaci provádí zakázanou èinnost ; Provedena lustrace vozidla, Pøedáno - Mìsto / Obec ;0;Plzeò, Tachovská 80 
2024/21027 ;20.03.2024 10:04;PØ ;Zákon è. 13/1997 Sb., o pozemních komunikacích - § 42a (fyzická osoba) - ostatní ; Pøedáno - Mìsto / Obec - MMP ;0;Plzeò-Køimice, Uèòovská(u sportovního høištì) 418/27 
2024/19274 ;13.03.2024 13:30;PØ ;Zákon è. 13/1997 Sb., o pozemních komunikacích - § 42a (fyzická osoba) - odst. 1 písm. i) na dálnici, silnici, komunikaci provádí zakázanou èinnost ; Pøedáno - Mìsto / Obec - ÚMO, Provedena lustrace vozidla ;0;Plzeò, Pod Švabinami 935/44 
2024/19052 ;12.03.2024 17:04;PØ ;Zákon è. 13/1997 Sb., o pozemních komunikacích - § 42a (fyzická osoba) - odst. 1 písm. i) na dálnici, silnici, komunikaci provádí zakázanou èinnost ; Pøedáno - Mìsto / Obec, Provedena lustrace vozidla, TPZOV ;0;Plzeò, Klatovská tøída 1818/18 
2024/19045 ;12.03.2024 16:50;PØ ;Zákon è. 13/1997 Sb., o pozemních komunikacích - § 42a (fyzická osoba) - odst. 1 písm. i) na dálnici, silnici, komunikaci provádí zakázanou èinnost ; Provedena lustrace vozidla, Pøedáno - Mìsto / Obec ;0;Plzeò, Plachého 48 
2024/18733 ;11.03.2024 10:23;PØ ;Zákon è. 13/1997 Sb., o pozemních komunikacích - § 42a (fyzická osoba) - odst. 1 písm. i) na dálnici, silnici, komunikaci provádí zakázanou èinnost ; Pøedáno - Mìsto / Obec, Provedena lustrace vozidla ;0;Plzeò, Hálkova 52 
2024/18562 ;11.03.2024 7:40;PØ ;Zákon è. 13/1997 Sb., o pozemních komunikacích ; Pøedáno - Mìsto / Obec - ÚMO, Provedena lustrace vozidla ;0;Plzeò, Sluneèní 
2024/18226 ;10.03.2024 7:04;PØ ;Zákon è. 13/1997 Sb., o pozemních komunikacích - § 42a (fyzická osoba) - odst. 1 písm. i) na dálnici, silnici, komunikaci provádí zakázanou èinnost ; Provedena lustrace vozidla, Pøedáno - Mìsto / Obec - ÚMO, Pøedáno - Mìsto / Obec - SVSMP ;0;Plzeò, Lábkova 
2024/18063 ;09.03.2024 4:58;PØ ;Zákon è. 13/1997 Sb., o pozemních komunikacích - § 42a (fyzická osoba) - odst. 1 písm. i) na dálnici, silnici, komunikaci provádí zakázanou èinnost ; Provedena lustrace vozidla, Pøedáno - Mìsto / Obec ;0;Plzeò, Nad Zoo 4 
2024/17476 ;07.03.2024 2:08;PØ ;Zákon è. 13/1997 Sb., o pozemních komunikacích - § 42a (fyzická osoba) - odst. 1 písm. i) na dálnici, silnici, komunikaci provádí zakázanou èinnost ; Pøedáno - Mìsto / Obec, Provedena lustrace vozidla ;0;Plzeò, Kotkova 19 
2024/17339 ;06.03.2024 12:40;PØ ;Zákon è. 13/1997 Sb., o pozemních komunikacích - § 42a (fyzická osoba) - odst. 1 písm. i) na dálnici, silnici, komunikaci provádí zakázanou èinnost ; Provedena lustrace vozidla, Pøedáno - Mìsto / Obec - ÚMO ;0;Plzeò, Èeské údolí 51 
2024/17334 ;06.03.2024 12:40;PØ ;Zákon è. 13/1997 Sb., o pozemních komunikacích - § 42a (fyzická osoba) - odst. 1 písm. i) na dálnici, silnici, komunikaci provádí zakázanou èinnost ; Provedena lustrace vozidla, Pøedáno - Mìsto / Obec - ÚMO ;0;Plzeò, Èeské údolí 51 
2024/16350 ;03.03.2024 8:00;PØ ;Zákon è. 13/1997 Sb., o pozemních komunikacích - § 42a (fyzická osoba) - odst. 1 písm. i) na dálnici, silnici, komunikaci provádí zakázanou èinnost ; Osoby pouèeny, Pøedáno - Mìsto / Obec - MMP ;0;Plzeò, námìstí Emila Škody 
2024/15793 ;01.03.2024 12:06;PØ ;Zákon è. 13/1997 Sb., o pozemních komunikacích - § 42a (fyzická osoba) - odst. 1 písm. i) na dálnici, silnici, komunikaci provádí zakázanou èinnost ; Vyøízeno ;0;Plzeò, Øíjnová 11 
2024/15790 ;01.03.2024 10:17;PØ ;Zákon è. 13/1997 Sb., o pozemních komunikacích - § 42a (fyzická osoba) - odst. 1 písm. i) na dálnici, silnici, komunikaci provádí zakázanou èinnost ; Provedena lustrace vozidla, Pøedáno - Mìsto / Obec - ÚMO ;0;Plzeò, Bøeòkova 5 
2024/15756 ;01.03.2024 9:40;PØ ;Zákon è. 13/1997 Sb., o pozemních komunikacích - § 42a (fyzická osoba) - odst. 1 písm. i) na dálnici, silnici, komunikaci provádí zakázanou èinnost ; Pøedáno - Mìsto / Obec - ÚMO, Provedena lustrace vozidla ;0;Plzeò, Èernická 14 
2024/15389 ;28.02.2024 11:14;PØ ;Zákon è. 13/1997 Sb., o pozemních komunikacích - § 42a (fyzická osoba) - odst. 1 písm. i) na dálnici, silnici, komunikaci provádí zakázanou èinnost ; Provedena lustrace vozidla, Pøedáno - Mìsto / Obec - ÚMO ;0;Plzeò, Smrková 38 
2024/15321 ;27.02.2024 11:03;PØ ;Zákon è. 13/1997 Sb., o pozemních komunikacích - § 42a (fyzická osoba) - odst. 1 písm. i) na dálnici, silnici, komunikaci provádí zakázanou èinnost ; Pøedáno - Mìsto / Obec - ÚMO, Provedena lustrace vozidla ;0;Plzeò, Køivá 20 
2024/14727 ;26.02.2024 13:40;PØ ;Zákon è. 13/1997 Sb., o pozemních komunikacích - § 42a (fyzická osoba) - odst. 1 písm. i) na dálnici, silnici, komunikaci provádí zakázanou èinnost ; Provedena lustrace vozidla, Pøedáno - Mìsto / Obec ;0;Plzeò, Rabštejnská 32 
2024/13987 ;23.02.2024 8:07;PØ ;Zákon è. 13/1997 Sb., o pozemních komunikacích - § 42a (fyzická osoba) - odst. 1 písm. i) na dálnici, silnici, komunikaci provádí zakázanou èinnost ; Provedena lustrace vozidla, Pøedáno - Mìsto / Obec - ÚMO ;0;Plzeò, Mírová 3 
2024/13586 ;21.02.2024 14:01;PØ ;Zákon è. 13/1997 Sb., o pozemních komunikacích - § 42a (fyzická osoba) - odst. 1 písm. i) na dálnici, silnici, komunikaci provádí zakázanou èinnost ; Pøedáno - Mìsto / Obec, Vyøízeno ;0;Plzeò, Rybáøská 26 
2024/13567 ;21.02.2024 12:49;PØ ;Zákon è. 13/1997 Sb., o pozemních komunikacích ; Pøedáno - Mìsto / Obec ;0;Plzeò, Na Dlouhých záhonech 
2024/13117 ;19.02.2024 14:25;PØ ;Zákon è. 13/1997 Sb., o pozemních komunikacích - § 42a (fyzická osoba) - odst. 1 písm. i) na dálnici, silnici, komunikaci provádí zakázanou èinnost ; Provedena lustrace vozidla, Pøedáno - Mìsto / Obec ;0;Plzeò, Studentská 117 
2024/12170 ;15.02.2024 10:02;PØ ;Zákon è. 13/1997 Sb., o pozemních komunikacích - § 42a (fyzická osoba) - odst. 1 písm. i) na dálnici, silnici, komunikaci provádí zakázanou èinnost ; Pøedáno - Mìsto / Obec - ÚMO ;0;Plzeò, V Malé Doubravce 27 
2024/11809 ;14.02.2024 12:24;PØ ;Zákon è. 13/1997 Sb., o pozemních komunikacích - § 42a (fyzická osoba) - odst. 1 písm. i) na dálnici, silnici, komunikaci provádí zakázanou èinnost ; Provedena lustrace vozidla, Pøedáno - Mìsto / Obec, Vyøízeno ;0;Plzeò, Kotíkovská 83 
2024/11694 ;13.02.2024 14:38;PØ ;Zákon è. 13/1997 Sb., o pozemních komunikacích - § 42a (fyzická osoba) - odst. 1 písm. i) na dálnici, silnici, komunikaci provádí zakázanou èinnost ; Provedena lustrace vozidla, Pøedáno - Mìsto / Obec - ÚMO, Pøedáno - Mìsto / Obec - SVSMP ;0;Plzeò, Chelèického 1 
2024/11300 ;09.02.2024 10:55;PØ ;Zákon è. 13/1997 Sb., o pozemních komunikacích - § 42a (fyzická osoba) - odst. 1 písm. i) na dálnici, silnici, komunikaci provádí zakázanou èinnost ; Pøedáno - Mìsto / Obec - ÚMO ;0;Plzeò, Mohylová 117 
2024/11045 ;12.02.2024 9:04;PØ ;Zákon è. 13/1997 Sb., o pozemních komunikacích - § 42a (fyzická osoba) - odst. 1 písm. i) na dálnici, silnici, komunikaci provádí zakázanou èinnost ; Provedena lustrace vozidla, Pøedáno - pøedáno majiteli, Vyøízeno ;0;Plzeò, Klatovská tøída 218 
2024/11043 ;12.02.2024 8:59;PØ ;Zákon è. 13/1997 Sb., o pozemních komunikacích - § 42a (fyzická osoba) - odst. 1 písm. i) na dálnici, silnici, komunikaci provádí zakázanou èinnost ; Provedena lustrace vozidla, Vyøízeno ;0;Plzeò, Klatovská tøída 202 
2024/11025 ;12.02.2024 8:55;PØ ;Zákon è. 13/1997 Sb., o pozemních komunikacích - § 42a (fyzická osoba) - odst. 1 písm. i) na dálnici, silnici, komunikaci provádí zakázanou èinnost ; Provedena lustrace vozidla, Vyøízeno ;0;Plzeò, Klatovská tøída 202d 
2024/10522 ;10.02.2024 7:30;PØ ;Zákon è. 13/1997 Sb., o pozemních komunikacích - § 42a (fyzická osoba) - odst. 1 písm. i) na dálnici, silnici, komunikaci provádí zakázanou èinnost ; Provedena lustrace vozidla, Pøedáno - Mìsto / Obec - ÚMO ;0;Plzeò, Koterovská 78 
2024/09963 ;07.02.2024 12:40;PØ ;Zákon è. 13/1997 Sb., o pozemních komunikacích - § 42a (fyzická osoba) - odst. 1 písm. i) na dálnici, silnici, komunikaci provádí zakázanou èinnost ; Vyøízeno ;0;Plzeò, U Borského parku 
2024/09306 ;06.02.2024 8:34;PØ ;Zákon è. 13/1997 Sb., o pozemních komunikacích - § 42b (právnická osoba) - odst. 1 písm. g) zneèistí nebo poškodí dálnici, silnici, komunikaci, souèást komunikace ; Domluva ;0;Plzeò, Masarykova 78 
2024/09071 ;05.02.2024 13:23;PØ ;Zákon è. 13/1997 Sb., o pozemních komunikacích - § 42a (fyzická osoba) - odst. 1 písm. i) na dálnici, silnici, komunikaci provádí zakázanou èinnost ; Provedena lustrace vozidla, Pøedáno - Mìsto / Obec ;0;Plzeò, Únìšovská 
2024/09067 ;05.02.2024 12:58;PØ ;Zákon è. 13/1997 Sb., o pozemních komunikacích - § 42a (fyzická osoba) - odst. 1 písm. i) na dálnici, silnici, komunikaci provádí zakázanou èinnost ; Provedena lustrace vozidla, Pøedáno - Mìsto / Obec ;0;Plzeò, Žlutická 29 
2024/09033 ;05.02.2024 13:15;PØ ;Zákon è. 13/1997 Sb., o pozemních komunikacích - § 42a (fyzická osoba) - odst. 1 písm. i) na dálnici, silnici, komunikaci provádí zakázanou èinnost ; Provedena lustrace vozidla, Pøedáno - Mìsto / Obec ;0;Plzeò, Kralovická 26 
2024/08077 ;01.02.2024 8:19;PØ ;Zákon è. 13/1997 Sb., o pozemních komunikacích - § 42a (fyzická osoba) - odst. 1 písm. i) na dálnici, silnici, komunikaci provádí zakázanou èinnost ; Jiná opatøení - jiná opatøení - ostatní, Provedena lustrace vozidla, Pøedáno - Mìsto / Obec - ÚMO, Pøedáno - Mìsto / Obec - SVSMP ;0;Plzeò, Dvoøákova 2a 
2024/08067 ;01.02.2024 8:25;PØ ;Zákon è. 13/1997 Sb., o pozemních komunikacích - § 42a (fyzická osoba) - odst. 1 písm. i) na dálnici, silnici, komunikaci provádí zakázanou èinnost ; Provedena lustrace vozidla, Pøedáno - Mìsto / Obec - ÚMO ;0;Plzeò, Raisova 44 
2024/08041 ;01.02.2024 8:05;PØ ;Zákon è. 13/1997 Sb., o pozemních komunikacích - § 42a (fyzická osoba) - odst. 1 písm. i) na dálnici, silnici, komunikaci provádí zakázanou èinnost ; Provedena lustrace vozidla, Pøedáno - Mìsto / Obec - ÚMO ;0;Plzeò, Mikulášské námìstí 13 
2024/07762 ;31.01.2024 8:18;PØ ;Zákon è. 13/1997 Sb., o pozemních komunikacích - § 42a (fyzická osoba) - odst. 1 písm. i) na dálnici, silnici, komunikaci provádí zakázanou èinnost ; Provedena lustrace vozidla, Pøedáno - Mìsto / Obec - ÚMO ;0;Plzeò, Heyrovského 5 
2024/07252 ;29.01.2024 10:01;PØ ;Zákon è. 13/1997 Sb., o pozemních komunikacích - § 42a (fyzická osoba) - odst. 1 písm. i) na dálnici, silnici, komunikaci provádí zakázanou èinnost ; Provedena lustrace vozidla, Pøedáno - Mìsto / Obec - ÚMO ;0;Plzeò, Lukavická 13 
2024/06554 ;26.01.2024 11:42;PØ ;Zákon è. 13/1997 Sb., o pozemních komunikacích - § 42a (fyzická osoba) - odst. 1 písm. i) na dálnici, silnici, komunikaci provádí zakázanou èinnost ; Provedena lustrace vozidla, Pøedáno - Mìsto / Obec ;0;Plzeò, Gerská 12 
2024/05561 ;23.01.2024 2:19;PØ ;Zákon è. 13/1997 Sb., o pozemních komunikacích - § 42a (fyzická osoba) - odst. 1 písm. g) zneèistí nebo poškodí dálnici, silnici, komunikaci, souèást komunikace ; Pøedáno - Mìsto / Obec ;0;Plzeò, Kaznìjovská 45 
2024/05550 ;23.01.2024 2:40;PØ ;Zákon è. 13/1997 Sb., o pozemních komunikacích - § 42a (fyzická osoba) - odst. 1 písm. i) na dálnici, silnici, komunikaci provádí zakázanou èinnost ; Provedena lustrace vozidla, Pøedáno - Mìsto / Obec ;0;Plzeò, námìstí Odboje 11 
2024/05330 ;19.01.2024 14:12;PØ ;Zákon è. 13/1997 Sb., o pozemních komunikacích - § 42a (fyzická osoba) - odst. 1 písm. i) na dálnici, silnici, komunikaci provádí zakázanou èinnost ; Provedena lustrace vozidla, Vyøízeno ;0;Plzeò, Adelova 2 
2024/04740 ;19.01.2024 16:40;PØ ;Zákon è. 13/1997 Sb., o pozemních komunikacích - § 42a (fyzická osoba) - odst. 1 písm. i) na dálnici, silnici, komunikaci provádí zakázanou èinnost ; Provedena lustrace vozidla, Pøedáno - Mìsto / Obec ;0;Plzeò, Bzenecká 34 
2024/04698 ;19.01.2024 14:05;PØ ;Zákon è. 13/1997 Sb., o pozemních komunikacích - § 42a (fyzická osoba) - odst. 1 písm. i) na dálnici, silnici, komunikaci provádí zakázanou èinnost ; Jiná opatøení - jiná opatøení - ostatní, Provedena lustrace vozidla, Vyøízeno ;0;Plzeò, Adelova 12 
2024/04693 ;19.01.2024 14:04;PØ ;Zákon è. 13/1997 Sb., o pozemních komunikacích - § 42a (fyzická osoba) - odst. 1 písm. i) na dálnici, silnici, komunikaci provádí zakázanou èinnost ; Provedena lustrace vozidla, Pøedáno - Mìsto / Obec - ÚMO, Pøedáno - Mìsto / Obec - SVSMP ;0;Plzeò, Adelova 10 
2024/04691 ;19.01.2024 14:00;PØ ;Zákon è. 13/1997 Sb., o pozemních komunikacích - § 42a (fyzická osoba) - odst. 1 písm. i) na dálnici, silnici, komunikaci provádí zakázanou èinnost ; Provedena lustrace vozidla, Pøedáno - Mìsto / Obec - ÚMO, Pøedáno - Mìsto / Obec - SVSMP ;0;Plzeò, Adelova 8 
2024/04494 ;18.01.2024 16:46;PØ ;Zákon è. 13/1997 Sb., o pozemních komunikacích ; Pøedáno - Mìsto / Obec ;0;Plzeò, Vojanova 20 
2024/04458 ;18.01.2024 15:16;PØ ;Zákon è. 13/1997 Sb., o pozemních komunikacích - § 42a (fyzická osoba) - odst. 1 písm. i) na dálnici, silnici, komunikaci provádí zakázanou èinnost ; Provedena lustrace vozidla, Vyøízeno ;0;Plzeò, Ledecká 35 
2024/04414 ;18.01.2024 13:20;PØ ;Zákon è. 13/1997 Sb., o pozemních komunikacích - § 42a (fyzická osoba) - odst. 1 písm. i) na dálnici, silnici, komunikaci provádí zakázanou èinnost ; Provedena lustrace vozidla, Pøedáno - Mìsto / Obec - ÚMO, Pøedáno - Mìsto / Obec - SVSMP ;0;Plzeò, Brožíkova 2 
2024/03823 ;16.01.2024 9:37;PØ ;Zákon è. 13/1997 Sb., o pozemních komunikacích ; Pøedáno - Mìsto / Obec ;0;Plzeò, Terezie Brzkové 31 
2024/02464 ;10.01.2024 14:28;PØ ;Zákon è. 13/1997 Sb., o pozemních komunikacích - § 42a (fyzická osoba) - odst. 1 písm. i) na dálnici, silnici, komunikaci provádí zakázanou èinnost ; Pøedáno - Mìsto / Obec - ÚMO, Provedena lustrace vozidla ;0;Plzeò, Popelnicová 42a 
2024/02416 ;10.01.2024 11:04;PØ ;Zákon è. 13/1997 Sb., o pozemních komunikacích - § 42a (fyzická osoba) - odst. 1 písm. i) na dálnici, silnici, komunikaci provádí zakázanou èinnost ; Pøedáno - Mìsto / Obec - ÚMO, Provedena lustrace vozidla ;0;Plzeò, Lesní 2 
2024/02334 ;09.01.2024 8:33;PØ ;Zákon è. 13/1997 Sb., o pozemních komunikacích - § 42a (fyzická osoba) - odst. 1 písm. i) na dálnici, silnici, komunikaci provádí zakázanou èinnost ; Provedena lustrace vozidla, Pøedáno - Mìsto / Obec - ÚMO ;0;Plzeò, 17. listopadu 15 
2024/02169 ;09.01.2024 10:45;PØ ;Zákon è. 13/1997 Sb., o pozemních komunikacích - § 42a (fyzická osoba) - odst. 1 písm. i) na dálnici, silnici, komunikaci provádí zakázanou èinnost ; Provedena lustrace vozidla, Pøedáno - Mìsto / Obec - ÚMO ;0;Plzeò, Èernická 22 
2024/01046 ;05.01.2024 9:13;PØ ;Zákon è. 13/1997 Sb., o pozemních komunikacích - § 42b (právnická osoba) - odst. 1 písm. i) na dálnici, silnici, komunikaci provádí zakázanou èinnost ; Provedena lustrace vozidla, Pøedáno - Mìsto / Obec - ÚMO ;0;Plzeò, Veveøí 
2024/01039 ;05.01.2024 9:04;PØ ;Zákon è. 13/1997 Sb., o pozemních komunikacích - § 42a (fyzická osoba) - odst. 1 písm. i) na dálnici, silnici, komunikaci provádí zakázanou èinnost ; Provedena lustrace vozidla, Vyøízeno ;0;Plzeò, Srpnová 31 
2024/00739 ;04.01.2024 1:21;PØ ;Zákon è. 13/1997 Sb., o pozemních komunikacích - § 42a (fyzická osoba) - odst. 1 písm. i) na dálnici, silnici, komunikaci provádí zakázanou èinnost ; Provedena lustrace vozidla, Pøedáno - Mìsto / Obec ;0;Plzeò, Lochotínská 30 
2024/00217 ;02.01.2024 8:58;PØ ;Zákon è. 13/1997 Sb., o pozemních komunikacích - § 42b (právnická osoba) - odst. 1 písm. i) na dálnici, silnici, komunikaci provádí zakázanou èinnost ; Provedena lustrace vozidla, Pøedáno - Mìsto / Obec ;0;Plzeò, Goldscheiderova 11 
